hallazgo_id,plan_id,auditor,name_hallazgo,capitulo,dependencia,descripcion,causa,efecto
1,1,slromerop,3.2.1.1,02 - AUDITORIA DE DESEMPEÑO,OAJ,"Hallazgo administrativo con presunta incidencia disciplinaria por la no publicación en la plataforma secop de los con los documentos que integran los expedientes contractuales números 10, 22, 37, 82, 665, 733, 1124 de 2016",No publicación en el SECOP I de los documentos atinentes a los expedientes relacionados en el hallazgo.,
2,1,slromerop,3.2.1.2,02 - AUDITORIA DE DESEMPEÑO,OAJ,"Hallazgo administrativo con presunta incidencia disciplinaria, por falta de la publicación en la plataforma secop, en relación con los documentos que integran los expedientes contractuales nos.776 de 2016. 1039, 1069 y 1124 de 2017, 014, 021 y 025 de 2018",no publicación en el SECOP I  de los documentos atinentes a los expedientes relacionados en el hallazgo.,
3,1,slromerop,3.2.1.3,02 - AUDITORIA DE DESEMPEÑO,OAJ,"Hallazgo administrativa con presunta incidencia disciplinaria, por la no publicación de todos los soportes contractuales en el sistema electrónico de contratación pública - secop i, de los contratos nos: 095, 278, 347, 378 y 847 de 2018",no publicación en el SECOP I  de los documentos atinentes a los expedientes relacionados en el hallazgo.,
4,1,slromerop,3.2.2.1,02 - AUDITORIA DE DESEMPEÑO,IDEXUD,"Hallazgo administrativo con presunta incidencia disciplinaria y penal por la legalización de hechos cumplidos al reconocer estímulos económicos mediante las resoluciones nos 554, 558, y 634 del 2016 a docentes de carrera por su participación, en el marco del contrato interadministrativo de cooperación 430 del 2016, suscrito entre - instituto distrital de gestión de riesgos y cambio climático - idiger-fondiger y la universidad distrital francisco josé de caldas","Inexistencia de procedimientos definidos en el reconocimiento de un SAR, permitiendo que docentes realizaran actividades, sin contar con el soporte presupuestal que amparara las actividades a ejecutar.",
5,1,slromerop,3.2.2.10,02 - AUDITORIA DE DESEMPEÑO,IDEXUD,"Hallazgo administrativo con presunta incidencia disciplinaria, penal y fiscal en $560.415.843, por saldos de recursos no ejecutados y no reintegrados al fdl de engativá por gestión ineficiente y antieconómica en el recaudo del beneficio institucional, al reconocer y pagar estímulos económicos con cargo al contrato interadministrativo n°. 242 de 2016 pese a que el IDEXUD de la UDFJC no percibió el correspondiente “benefició institucional” y por la legalización de hechos cumplidos","Inexistencia de procedimientos definidos en el reconocimiento de un SAR, permitiendo que docentes realizaran actividades, sin contar con el soporte presupuestal que amparara las actividades a ejecutar",
6,1,slromerop,3.2.2.11,02 - AUDITORIA DE DESEMPEÑO,IDEXUD,"Hallazgo administrativo con presunta incidencia disciplinaria, penal y fiscal en $13.466.667 por gestión ineficiente y antieconómica al pagar estímulos económicos a un docente de carrera como director de interventoría, en suspensión del contrato interadministrativo n°. 226 2015, sin soportes que sustenten las actividades presuntamente realizadas, de conformidad a la resolución SAR n°. 231 de 2016 y los actos administrativos que la modificaron, así como, por la legalización de hechos cumplidos","Inexistencia de procedimientos definidos en el reconocimiento de un SAR, permitiendo que docentes realizaran actividades, sin contar con el soporte presupuestal que amparara las actividades a ejecutar",
7,1,slromerop,3.2.2.12,02 - AUDITORIA DE DESEMPEÑO,IDEXUD,"Hallazgo administrativo con presunta incidencia disciplinaria, penal y fiscal en $107.176.531 por gestión ineficiente y antieconómica al pagar estímulos económicos a docente de carrera de la udfjc mediante el reconocimiento de SAR como director general, pese a que el cargo no estaba contemplado en la oferta económica, por la falta de soportes en el cumplimiento actividades de extensión establecidas en la sar n°. 217-2017 del contrato interadtivo n°2016214 y por legalización de hechos cumplidos","Inexistencia de procedimientos definidos en el reconocimiento de un SAR, permitiendo que docentes realizaran actividades, sin contar con el soporte presupuestal que amparara las actividades a ejecuta",
8,1,slromerop,3.2.2.2,02 - AUDITORIA DE DESEMPEÑO,IDEXUD,"Hallazgo administrativo con presunta incidencia disciplinaria y penal, por la legalización de hechos cumplidos al reconocer estímulos económicos a un docente como supervisor por medio de la resolución de servicios académicos remunerados - SAR 485-2016, en el marco del contrato interadministrativo n°. 147 del 2016 celebrado entre secretaría general del departamento de cundinamarca y la universidad distrital francisco josé de caldas","Inexistencia de procedimientos definidos en el reconocimiento de un SAR, permitiendo que docentes realizaran actividades, sin contar con el soporte presupuestal que amparara las actividades a ejecuta",
9,1,slromerop,3.2.2.3,02 - AUDITORIA DE DESEMPEÑO,IDEXUD,"Hallazgo administrativo con presunta incidencia disciplinaria y penal, por la legalización de hechos cumplidos al reconocer estímulos económicos a un docente designado como supervisor mediante la resolución de servicios académicos remunerados SAR n°.112 de 2018, en el marco del contrato interadministrativo n°. 147 del 2016 celebrado entre secretaría general del departamento de cundinamarca y la universidad distrital francisco josé de caldas sin contar con los soportes del informe de actividades","Inexistencia de procedimientos definidos en el reconocimiento de un SAR, permitiendo que docentes realizaran actividades, sin contar con el soporte presupuestal que amparara las actividades a ejecuta",
10,1,slromerop,3.2.2.4,02 - AUDITORIA DE DESEMPEÑO,IDEXUD,"Hallazgo administrativo con presunta incidencia disciplinaria, penal y fiscal en cuantía de $26.447.600, por la presunta legalización de hechos cumplidos al reconocer estímulos académicos en las resoluciones de servicios académicos remunerados - SAR no. 511 - 2017 y 513 – 2017, sin contar con la totalidad de los soportes del informe de actividades las cuales fueron reconocidas dentro del marco del convenio interadministrativo no. 480 de 2017, celebrado con la unidad nacional de protección – unp","inexistencia de procedimientos definidos en el reconocimiento de un sar, permitiendo que docentes realizaran actividades, sin contar con el soporte presupuestal que amparara las actividades a ejecutar.",
11,1,slromerop,3.2.2.5,02 - AUDITORIA DE DESEMPEÑO,IDEXUD,"Hhallazgo administrativo con presunta incidencia disciplinaria, penal y fiscal en cuantía de $76.400.000, por la presunta legalización de hechos cumplidos al reconocer estímulos académicos en las resoluciones de servicios académicos remunerados - SAR no. 139 - 2017 y 555 – 2016, sin contar con los soportes del informe de actividades las cuales fueron reconocidas dentro del marco del convenio interadministrativo no. 1074-2015, celebrado con el servicio nacional de aprendizaje – SENA","Inexistencia de procedimientos definidos en el reconocimiento de un SAR, permitiendo que docentes realizaran actividades, sin contar con el soporte presupuestal que amparara las actividades a ejecutar.",
12,1,slromerop,3.2.2.6,02 - AUDITORIA DE DESEMPEÑO,IDEXUD,"Hallazgo administrativo con presunta incidencia disciplinaria y penal, por la presunta legalización de hechos cumplidos al reconocer estímulos económicos a un docente como gerente de interventoría por medio de la resolución de servicios académicos remunerados-sar 041-2018, en el marco del convenio interadministrativo no. 836 de 2017 celebrado con la universidad pedagógica nacional – UPN","Inexistencia de procedimientos definidos en el reconocimiento de un sar, permitiendo que docentes realizaran actividades, sin contar con el soporte presupuestal que amparara las actividades a ejecutar.",
13,1,slromerop,3.2.2.7,02 - AUDITORIA DE DESEMPEÑO,IDEXUD,"Hallazgo administrativo con presunta incidencia disciplinaria y penal por la legalización de hechos cumplidos, al reconocer estímulos económicos por servicios académicos remunerados SAR a un docente de carrera, mediante la resolución 121-2018, sin que previamente hayan cumplido con las apropiaciones presupuestales para tal fin","Inexistencia de procedimientos definidos en el reconocimiento de un SAR, permitiendo que docentes realizaran actividades, sin contar con el soporte presupuestal que amparara las actividades a ejecutar.",
14,1,slromerop,3.2.2.8,02 - AUDITORIA DE DESEMPEÑO,IDEXUD,"Hallazgo administrativo con presunta incidencia disciplinaria y penal por la legalización de hechos cumplidos al reconocer estímulos económicos por servicios académicos remunerados SAR a un docente de carrera, mediante la resolución 321-2017, sin que previamente hayan cumplido con las apropiaciones presupuestales para tal fin","Inexistencia de procedimientos definidos en el reconocimiento de un SAR, permitiendo que docentes realizaran actividades, sin contar con el soporte presupuestal que amparara las actividades a ejecutar.",
15,1,slromerop,3.2.2.9,02 - AUDITORIA DE DESEMPEÑO,IDEXUD,"Hallazgo administrativo con presunta incidencia disciplinaria y penal, por la legalización de hechos cumplidos al reconocer estímulos económicos mediante las resoluciones nos 147-18; 153-18; 155-18 y 206-18, a docentes de carrera por su participación en el marco del contrato interadministrativo 2180684-18, celebrado entre la universidad distrital francisco josé de caldas y fonade","Inexistencia de procedimientos definidos en el reconocimiento de un SAR, permitiendo que docentes realizaran actividades, sin contar con el soporte presupuestal que amparara las actividades a ejecutar.",
16,2,slromerop,3.3.1.1.1,02 - AUDITORIA DE DESEMPEÑO,IDEXUD,"Hallazgo administrativo con presunta incidencia disciplinaria por falta de procedimientos, control, documentos soportes y seguimiento para el recaudo de los ingresos de programas de educación (matrículas, inscripciones, formularios de cursos, diplomados, congresos) y para la liquidación del beneficio institucional que se genera por dichos ingresos en el IDEXUD durante las vigencias 2016 a 2018, incumpliendo lo establecido en el acuerdo no. 004 de 2013 y resolución no. 503 de 2013.","Inefectividad de los controles y seguimientos  existentes, respecto  de los programas de formación, permitiendo evidenciar proyectos de formación  reportados en contabilidad de los cuales no se evidenció el acta de comité de extensión de aprobación.",
17,2,slromerop,3.3.1.1.2,02 - AUDITORIA DE DESEMPEÑO,IDEXUD,"Hallazgo administrativo con presunta incidencia disciplinaria y penal porque  el IDEXUD no consignó el 60% del beneficio institucional a la UDFJC, que por norma le correspondía y por uso indebido de dichos recursos públicos con destinación específica, para fines distintos a los establecidos en el artículo 15 del acuerdo no. 004 de 2013, en ejecución del “programa académico grado ingeniería”-2910906214 y del “diplomados multidisciplinarios 2018-3” - 2910906385.","Interpretación y aplicación indebida de la normatividad expedida para la liquidación y distribución de recursos con destinación específica que corresponden al beneficio institucional, contemplada en el artículo 15 del acuerdo no. 004 de 2013",
18,2,slromerop,3.3.1.1.3,02 - AUDITORIA DE DESEMPEÑO,IDEXUD,"Hallazgo administrativo con presunta incidencia disciplinaria por falta de compromiso y gestión de la alta dirección para acreditar y ofertar programas de formación laboral a través del “IDEXUD” y por continuar con esta denominación, pese a no estar organizado para ofrecer y desarrollar programas de formación laboral o de formación académica, contraviniendo el artículo 2.6.3.1. del decreto único reglamentario del sector educación 1075 del 26 de mayo de 2015.","No se ha  acreditado ni ofertado programas de formación laboral a través del “instituto de extensión y educación para el trabajo y desarrollo humano IDEXUD” y por continuar con esta denominación, pese a no estar organizado para ofrecer y desarrollar programas de formación laboral o de formación académica, contraviniendo el artículo 2.6.3.1. del decreto único",
19,2,slromerop,3.3.2.1.1,02 - AUDITORIA DE DESEMPEÑO,IDEXUD,"Hallazgo administrativo con presunta incidencia disciplinaria por no elaborar los planes presupuestales de ingresos del IDEXUD, omitiendo las actividades de proyección, elaboración, aprobación, ejecución y seguimiento del presupuesto durante las vigencias 2016 a 2018, contraviniendo los objetivos y principios del sistema presupuestal adoptados por la universidad, así como el régimen presupuestal establecido para el distrito.","El IDEXUD omitió realizar las actividades de proyección, elaboración, aprobación, ejecución y seguimiento del presupuesto de ingresos durante las vigencias 2016 a 2018",
20,2,slromerop,3.3.2.2.1,02 - AUDITORIA DE DESEMPEÑO,IDEXUD,"Hallazgo administrativo con presunta incidencia disciplinaria por no elaborar los planes presupuestales de gastos del IDEXUD, omitiendo las actividades de proyección, elaboración, aprobación, ejecución y seguimiento del presupuesto durante las vigencias 2016 a 2018, contraviniendo los objetivos y principios del sistema presupuestal adoptados por la universidad, así como el régimen presupuestal establecido para el distrito.","El IDEXUD omitió realizar las actividades de proyección, elaboración, aprobación, ejecución y seguimiento del presupuesto de gastos durante las vigencias 2016 a 2018",
21,2,slromerop,3.3.3.1.1,02 - AUDITORIA DE DESEMPEÑO,IDEXUD,"Hallazgo administrativo con presunta incidencia disciplinaria, correspondientes a los pagos efectuados al contrato de prestación de servicio (CPS) 1310-2017, de actividades que no cuentan con soporte documental alguno y/o pagos de actividades contrarias al objeto contractual.",Debilidades en la supervisión del contrato de prestación de servicios ya que no se allegaron los documentos que acrediten el cumplimiento a entera satisfacción del contenido obligacional del contrato  de prestación de servicios -CPS 1310-2017,
22,2,slromerop,3.3.3.1.10,02 - AUDITORIA DE DESEMPEÑO,IDEXUD,"Hallazgo administrativo con presunta incidencia disciplinaria en la elaboración estudios previos falta de requisitos exigidos en las normas de contratación, por adición superior al 50% del valor inicial del contrato, por no exigir la constitución de las correspondientes garantías, por deficiencias en la supervisión por no suscripción acta de inicio, ni presentar informes de supervisión y por falta de publicación en el secop de los documentos del contrato ca1285i de 2016.","Falta de documentación, seguimiento y soportes para llevar a cabo el arrendamiento de inmuebles, por la ausencia de procedimientos y formatos establecidos de acuerdo a las particularidades de la unidad ejecutora 02",
23,2,slromerop,3.3.3.1.11,02 - AUDITORIA DE DESEMPEÑO,IDEXUD,"Hallazgo administrativo con presunta incidencia disciplinaria, por falta de la publicación en la plataforma secop, en relación con los documentos que integran los expedientes contractuales 1306i de 2016, 18 de 2017, 1538 de 2017, 734 de 2018 y 497 de 2019.","Publicación extemporánea e incompleta de los documentos del proceso y los actos administrativos del proceso de contratación c1306i de 2016, 18 de 2017, 1538 de 2017, 734 de 2018 y 497 de 2019. de acuerdo a los términos establecidos en el secop",
24,2,slromerop,3.3.3.1.12,02 - AUDITORIA DE DESEMPEÑO,IDEXUD,"Hallazgo administrativo con presunta incidencia disciplinaria, por deficiencias en la estructuración de la etapa pre-contractual, de los contratos nos. 1306i de 2016, 18 de 2017 y 1538 de 2017, específicamente en las actividades de elaboración de los estudios previos.","No se elaboraron los estudios previos para los contratos de prestación de servicio cps 1306i de 2016, 18 de 2017 y 1538 de 2017",
25,2,slromerop,3.3.3.1.13,02 - AUDITORIA DE DESEMPEÑO,IDEXUD,Hallazgo administrativo con presunta incidencia disciplinaria por la generación de órdenes de pago sin el cumplimiento de los requisitos establecidos en el proceso de gestión de recursos financieros y el procedimiento grf-pr-006 trámites de pago de la universidad francisco josé de caldas. contrato no. 1306i de 2016.,Generación de órdenes de pago sin el cumplimiento de los requisitos establecidos en el proceso de gestión de recursos financieros y el procedimiento grf-pr-006 trámites de pago de la universidad francisco josé de caldas.,
26,2,slromerop,3.3.3.1.14,02 - AUDITORIA DE DESEMPEÑO,IDEXUD,"Hallazgo administrativo con presunta incidencia disciplinaria, por falta de la publicación en la plataforma secop, en relación con los documentos que integran los expedientes contractuales nos. 1300i de 2016, 119 de 2018, 8 de 2019, 14 de 2019 y 1122 de 2020.","Publicación extemporánea e incompleta de los documentos del proceso y los actos administrativos del proceso de contratación cps nos. 1300i de 2016, 119 de 2018, 8 de 2019, 14 de 2019 y 1122 de 2020. de acuerdo a los términos establecidos en el secop",
27,2,slromerop,3.3.3.1.15,02 - AUDITORIA DE DESEMPEÑO,IDEXUD,"Hallazgo administrativo con presunta incidencia disciplinaria, por deficiencias en la estructuración de la etapa pre-contractual de los contratos 1300i de 2016 y 8 de 2019, específicamente en las actividades de elaboración de los estudios previos.",No se elaboraron los estudios previos para los contratos de prestación de servicio cps 1300i de 2016 y 8 de 2019,
28,2,slromerop,3.3.3.1.16,02 - AUDITORIA DE DESEMPEÑO,IDEXUD,"Hallazgo administrativo con presunta incidencia disciplinaria, por falta de la publicación en la plataforma secop, en relación con los documentos que integran los expedientes contractuales nos.1303i de 2016, 13 y 1287 de 2017, 1422 de 2018 y 41 de 2020.","Publicación extemporánea e incompleta de los documentos del proceso y los actos administrativos del proceso de contratación cps nos. 1303i de 2016, 13 y 1287 de 2017, 1422 de 2018 y 41 de 2020, de acuerdo a los términos establecidos en el secop",
29,2,slromerop,3.3.3.1.17,02 - AUDITORIA DE DESEMPEÑO,IDEXUD,"Hallazgo administrativo con presunta incidencia disciplinaria, por deficiencias en la estructuración de la etapa pre-contractual de los contratos 1303i de 2016, 13 y 1287 de 2017, específicamente en las actividades de elaboración de los estudios previos.","No se elaboraron los estudios previos para los contratos de prestación de servicio cps 1303i de 2016, 13 y 1287 de 2017",
30,2,slromerop,3.3.3.1.18,02 - AUDITORIA DE DESEMPEÑO,IDEXUD,"Hallazgo administrativo con presunta incidencia disciplinaria por la elaboración de órdenes de pago sin el cumplimento de los requisitos establecidos en el proceso gestión de recursos financieros y el procedimiento grf-pr-006 trámites de pago de la universidad francisco josé de caldas, contrato 9 de 2019.",Generación de órdenes de pago sin el cumplimiento de los requisitos establecidos en el proceso de gestión de recursos financieros y el procedimiento GRF-PR-006 trámites de pago de la universidad francisco josé de caldas.,
31,2,slromerop,3.3.3.1.19,02 - AUDITORIA DE DESEMPEÑO,IDEXUD,"Hallazgo administrativo con presunta incidencia disciplinaria por inconsistencia en la publicación de los documentos contractuales en la plataforma SECOP I de los contratos de prestación de servicios nos. 970i de 2016, 121 de 2018, 9 de 2019 y 11 de 2019.","Publicación extemporánea e incompleta de los documentos del proceso y los actos administrativos del proceso de contratación CPS nos. 970i de 2016, 121 de 2018, 9 de 2019 y 11 de 2019, de acuerdo a los términos establecidos en el SECOP",
32,2,slromerop,3.3.3.1.2,02 - AUDITORIA DE DESEMPEÑO,IDEXUD,"Hallazgo administrativo con presunta incidencia disciplinaria, correspondientes a los pagos efectuados al contrato de prestación de servicio (CPS) 212-2018, de actividades que no cuentan con soporte documental alguno y/o pagos de actividades contrarias al objeto contractual.",Debilidades en la supervisión del contrato de prestación de servicios ya que no se allegaron los documentos que acrediten el cumplimiento a entera satisfacción del contenido obligacional del contrato  de prestación de servicios -CPS 212-2018,
33,2,slromerop,3.3.3.1.20,02 - AUDITORIA DE DESEMPEÑO,IDEXUD,"Hallazgo administrativo con presunta incidencia disciplinaria por no realizar estudios previos, con deficiencias en la planeación, de contratos cps 970i del 2016; cps 12 de 2017; cps 1289 de 2017; así como el incumpliendo del deber funcional, del código disciplinario y por no presentar los informes de cumplimiento ni informes del supervisor, ni publicaciones en secop, para los contratos CPS 970I del 2016; cps 12 de 2017; CPS 1289 de 2017; CPS 213 de 2018; y CPS 1408 de 2018.","Publicación extemporánea e incompleta de los documentos del proceso y los actos administrativos del proceso de contratación cps  970i del 2016; cps 12 de 2017; CPS 1289 de 2017; CPS 213 de 2018; y CPS 1408 de 2018., de acuerdo a los términos establecidos en el secop",
34,2,slromerop,3.3.3.1.3,02 - AUDITORIA DE DESEMPEÑO,IDEXUD,"Hallazgo administrativo con presunta incidencia disciplinaria, por deficiencias en la estructuración de la etapa pre-contractual del contrato 1310 de 2017, específicamente en las actividades de elaboración de los estudios previos.",No se elaboraron los estudios previos para el contrato de prestación de servicios -cps 1310-2017,
35,2,slromerop,3.3.3.1.4,02 - AUDITORIA DE DESEMPEÑO,IDEXUD,"Hallazgo administrativo con presunta incidencia disciplinaria, por falta de la publicación en la plataforma SECOP, en relación con los documentos que integran los expedientes contractuales nos. 1310 de 2017, 13 y 212 de 2018, y 06 de 2020.","Publicación extemporánea e incompleta de los documentos del proceso y los actos administrativos del proceso de contratación cps 1310 de 2017, 13 y 212 de 2018, y 06 de 2020., de acuerdo a los términos establecidos en el secop",
36,2,slromerop,3.3.3.1.5,02 - AUDITORIA DE DESEMPEÑO,IDEXUD,"Hallazgo administrativo con presunta incidencia disciplinaria, por cuanto la UDFJC- IDEXUD no efectuo seguimiento a la publicación de los documentos en el secop. falta de publicación de los soportes en tiempo real para ser cargados en la plataforma respectiva, en acatamiento del principio de inmediatez y publicidad de las actividades de los expedientes contractuales nos. 15 de 2017 y 1308 de 2017.","Publicación extemporánea e incompleta de los documentos del proceso y los actos administrativos del proceso de contratación CPS 15 de 2017 y 1308 de 2017., de acuerdo a los términos establecidos en el SECOP",
37,2,slromerop,3.3.3.1.6,02 - AUDITORIA DE DESEMPEÑO,IDEXUD,"Hallazgo administrativo con presunta incidencia disciplinaria, por deficiencias en la estructuración de la etapa precontractual de los CPS ejecutados en el UDFJC – IDEXUD; nos. 15 de 2017, y 1308 de 2017, específicamente en las actividades de elaboración de los estudios previos.","No se elaboraron los estudios previos para el contrato de prestación de servicios -cps 15 de 2017, y 1308 de 2017",
38,2,slromerop,3.3.3.1.7,02 - AUDITORIA DE DESEMPEÑO,IDEXUD,"Hallazgo administrativo con presunta incidencia disciplinaria, correspondientes a los pagos efectuados al contrato de prestación de servicio (cps) 15 de 2017, por no presentar los informes de las actividades pactadas de manera detallada, verificable y avaladas junto con la certificación expedida por el supervisor de la prestación del servicio a entera satisfacción.",Debilidades en la supervisión del contrato de prestación de servicios ya que no se allegaron los documentos que acrediten el cumplimiento a entera satisfacción del contenido obligacional del contrato  de prestación de servicios -cps 15-2017,
39,2,slromerop,3.3.3.1.8,02 - AUDITORIA DE DESEMPEÑO,IDEXUD,"Hallazgo administrativo con presunta incidencia disciplinaria por deficiencias en los estudios previos , por no realizar las modificaciones contractuales mediante otro sí, y por no exigir el cumplimiento de los obligaciones contractuales, por deficiencias en los informes de cumplido, por generar certificados de registro presupuestal y órdenes de pago sin los respectivos soportes y por falta de publicación en el secop, contratos 1302i de 2016, 17 de 2017 y 1283 de 2017","No se elaboraron los estudios previos para el contrato de prestación de servicios -cps 1302i de 2016, 17 de 2017 y 1283 de 2017.",
40,2,slromerop,3.3.3.1.9,02 - AUDITORIA DE DESEMPEÑO,IDEXUD,"Hallazgo administrativo con presunta incidencia disciplinaria y penal por materialización de hechos cumplidos se ocupó el inmueble sin contrato ni registros presupuestales, deficiencias en la elaboración estudios previos , por no exigir la constitución de las correspondientes garantías, deficiencias en la supervisión por no suscripción acta de inicio ni presentar informes de supervisión y falta de publicación en el secop contrato ca13i de 2019.","Falta de documentación, seguimiento y soportes para llevar a cabo el arrendamiento de inmuebles, por la ausencia de procedimientos y formatos establecidos de acuerdo a las particularidades de la unidad ejecutora 02",
41,3,slromerop,3.3.1,02 - AUDITORIA DE DESEMPEÑO,IDEXUD,"Hallazgo administrativa con presunta incidencia disciplinaria por incumplimiento de lo establecido en el acuerdo 004 de 2013, artículo 15. administración y beneficio institucional, en convenios y contratos suscritos por la udfjc - IDEXUD durante la vigencia 2016 a 2020.","Inefectividad de los controles existentes, respecto al porcentaje de beneficio institucional registrado y calculado  en los presupuestos vs el porcentaje de beneficio institucional aprobado en el cce para los proyectos de extensión.",
42,3,slromerop,3.3.2,02 - AUDITORIA DE DESEMPEÑO,IDEXUD,"Hallazgo administrativo con presunta incidencia disciplinaria, en razón a que el IDEXUD consignó tardíamente el 60% del beneficio institucional a nombre de la udfjc, que por norma le correspondía a la universidad en cumplimiento a lo establecido en el artículo 15 del acuerdo n°. 004 de 2013, en ejecución del contrato interadministrativo n° 624 de 2020, suscrito con el municipio de funza","El 100% del beneficio institucional, de un proyecto de extensión en especifico, por error involuntario habia sido consignado en el fondo especial de promocion de la extensión y la proyección social de la udfjc, desatendiendo lo contemplado en el acuerdo  del csu n° 004 de 2013 y la resolución de rectoría n° 503 de 2013, situacion que se corrigio generarndo un traslado extemporaneo de los recursos  del beneficio  institucional a la ud por concepto del 60%",
43,3,slromerop,3.3.3,02 - AUDITORIA DE DESEMPEÑO,IDEXUD,Hallazgo administrativo con presunta incidencia disciplinaria por inconsistencias en los auxiliares contables utilizados para el registro de la ejecución de los recursos de los contratos y convenios suscritos por la universidad distrital - IDEXUD,No se adelantan las acciones pertinentes para depurar la información financiera,
44,3,slromerop,3.3.4,02 - AUDITORIA DE DESEMPEÑO,IDEXUD,"Hallazgo administrativo con presunta incidencia disciplinaria porque la división de recursos financieros de la universidad no atendió el criterio definido en el artículo 9 del acuerdo 004 de 2013, de expedir mediante circular los términos, formatos y demás requerimientos respectivos para adelantar el seguimiento y consolidación de la información financiera para coordinar el seguimiento a los recursos de beneficio institucional","La división de recursos financieros de la universidad no atendió el criterio definido en el artículo 9 del acuerdo 004 de 2013, de expedir mediante circular los términos, formatos y demás requerimientos respectivos para adelantar el seguimiento y consolidación de la información financiera para coordinar el seguimiento a los recursos de beneficio institucional.",
45,3,slromerop,3.3.5,02 - AUDITORIA DE DESEMPEÑO,IDEXUD,"Hallazgo administrativo con presunta incidencia disciplinaria porque la universidad no incorporó oportunamente al presupuesto, los recursos provenientes del 60% de beneficio institucional durante la vigencia 2020","La universidad no incorporó oportunamente al presupuesto, los recursos provenientes del 60% de beneficio institucional durante la vigencia 2020",
46,4,slromerop,3.1.4.1,02 - AUDITORIA DE DESEMPEÑO,IDEXUD,"Hallazgo administrativo con presunta incidencia disciplinaria: no se encontró procedimiento debidamente documentado en el ilud que permitiera verificar la congruencia entre el valor del estudio previo, la oferta de los proponentes y el finalmente contratado.","Falta de documentación, seguimiento y soportes para llevar a cabo el arrendamiento de inmuebles, por la ausencia de procedimientos y formatos establecidos de acuerdo a las particularidades de la unidad ejecutora 02",
47,4,slromerop,3.1.4.2,02 - AUDITORIA DE DESEMPEÑO,ILUD,"Hallazgo administrativo con presunta incidencia disciplinaria: no fue posible conocer la matriz de riesgo ni la lista de indicadores, debidamente estructurada, que permita medir al interior del planeacionilud el desarrollo de los diferentes contratos","No existe la matriz de riesgo ni la lista de indicadores, debidamente estructurada, que permita medir al interior del planeacionilud el desarrollo de los diferentes contratos.",
48,4,slromerop,3.1.4.3,02 - AUDITORIA DE DESEMPEÑO,IDEXUD,"Hallazgo administrativo con presunta incidencia disciplinaria: en el plan anual de adquisiciones, para el caso de los contratos de arrendamiento, solo se establece una cifra global pero sin discriminar que inmuebles y porque valor se contrataran.","En el plan anual de adquisiciones publicado por la universidad en el secop, para el caso de los contratos de arrendamiento, solo contempla las adquisiciones que realizará la unidad ejecutora 01, desconociendo las necesidades del ilud o del IDEXUD, los cuales deben ser contemplados por la unidad ejecutora 02, el cual no se realizó.",
49,4,slromerop,3.1.4.4,02 - AUDITORIA DE DESEMPEÑO,IDEXUD,Hallazgo administrativo con presunta incidencia disciplinaria: por debilidades en la definición de las funciones que conlleva a concentración de las mismas en una sola persona,"Debilidades en la definición de las funciones que conlleva a concentración de las mismas en una sola persona (la misma persona presenta la necesidad, solicita el contrato, aprueba tanto el texto contractual como los certificados de disponibilidad presupuestal cdp y los certificados de registro presupuestal crp)",
50,4,slromerop,3.3.1.1,02 - AUDITORIA DE DESEMPEÑO,IDEXUD,"Hallazgo administrativo con presunta incidencia disciplinaria por deficiencias de control en los sistemas e inobservancia de los principios de planeación, publicidad y selección objetiva del contratista: contrato de arrendamiento no 1075 ai-2017",No se realizó el plan anual de adquisiciones de la unidad ejecutora 02 que incluya las necesidades de la dependencia de ilud.,
51,4,slromerop,3.3.1.10,02 - AUDITORIA DE DESEMPEÑO,IDEXUD,"Hallazgo administrativo con presunta incidencia disciplinaria por deficiencias de control en los sistemas e inobservancia de los principios de planeación, publicidad, transparencia y selección objetiva del contratista: c.p.s. no.206 i-2020",No se realizó el plan anual de adquisiciones de la unidad ejecutora 02 que incluya las necesidades de la dependencia de ilud.,
52,4,slromerop,3.3.1.11,02 - AUDITORIA DE DESEMPEÑO,IDEXUD,"Hallazgo administrativo con presunta incidencia disciplinaria, por la falta de publicación de la totalidad de los documentos expedidos con la ejecución de los procesos de contratación y la no publicación en la plataforma secop de los contratos de prestación de servicios (cps) n°CA001 I/2016, n°212 I/2016, n°109 I/2017, n°239 I/2018, n°2 I/2019, n°156 I/2019, n°499 I/2019, n°1895 I/2019, n°240 I/2020 y n°30 I/2020","Publicación extemporánea e incompleta de los documentos del proceso y los actos administrativos del proceso de contratación, de acuerdo a los términos establecidos en el SECOP",
53,4,slromerop,3.3.1.12,02 - AUDITORIA DE DESEMPEÑO,IDEXUD,"Hallazgo administrativo con presunta incidencia disciplinaria por la celebración de contratos de prestación de servicios (cps) n°ca001 i/2016, n°212 i/2016, n°109 i/2017, n°239 i/2018, n°2 i/2019, n°156 i/2019, n°499 i/2019, n°1895 i/2019, n°240 i/2020 y n°30 i/2020 sin la elaboración de los estudios previos","No se elaboraron los estudios previos para los contratos suscritos de la dependencia ilud en las vigencias 2016, 2017, 2018 y 2019.",
54,4,slromerop,3.3.1.13,02 - AUDITORIA DE DESEMPEÑO,IDEXUD,"Hallazgo administrativo con presunta incidencia disciplinaria, por incumplir los requisitos de perfeccionamiento y ejecución de los contratos de prestación de servicios (cps) n°212 I/2016, n°109 I/2017, n°239 I/2018, n°2 I/2019, n°156 I/2019, n°499 I/2019 y n°1895 I/2019 al dar aprobación a las pólizas de garantía con fecha posterior a la firma del acta de inicio de actividades contratadas","Inconsistencias con el perfeccionamiento del contrato, al no guardar coherencia la expedición de la póliza, con el acta de inicio.",
55,4,slromerop,3.3.1.14,02 - AUDITORIA DE DESEMPEÑO,ILUD,"Hallazgo administrativo con incidencia disciplinaria, por el inadecuado e ineficiente manejo en el sistema de gestión de archivo documental sin aplicar la ley 594 de 2000 “ley general de archivos”",Inadecuado e ineficiente manejo dado a los soportes y evidencias presentadas por los contratistas a los supervisores como aval para los desembolsos mensuales.,
56,4,slromerop,3.3.1.15,02 - AUDITORIA DE DESEMPEÑO,IDEXUD,"Hallazgo administrativo con presunta incidencia disciplinaria por la publicación extemporánea y la no publicación de documentos, soportes de ejecuciones de procesos contractuales, en el sistema electrónico de contratación pública – secop i, de los contratos n° 156 (I), n° 2828 (I) /2017, n° 159 (I) /2018, n°138 (I),  n° 651 (I) /2019, n° 31 (I),  n° 128 (I) /2020, n° 534 (I),  n° 2011 (I) /2016","Publicación extemporánea e incompleta de los documentos del proceso y los actos administrativos del proceso de contratación, de acuerdo a los términos establecidos en el secop",
57,4,slromerop,3.3.1.16,02 - AUDITORIA DE DESEMPEÑO,IDEXUD,"Hallazgo administrativo con presunta incidencia disciplinaria por el inadecuado e ineficiente manejo en el sistema de gestión de archivo documental, debilidades en los soportes del contrato, y la falta de una adecuada supervisión y control en la ejecución de los contratos de prestación de servicios cps n°. 534 (i) - 2011 (i) / 2016, 156 (i) - 2828 (i) / 2017, 159 (i) / 2018, 138 (i) - 651 (i) / 2019 y 128 (i) / 2020.","Inconsistencias con el perfeccionamiento del contrato, al no guardar coherencia la expedición de la póliza, con el acta de inicio.",
58,4,slromerop,3.3.1.18,02 - AUDITORIA DE DESEMPEÑO,IDEXUD,"Hallazgo administrativo con presunta incidencia disciplinaria por incumplir los requisitos de perfeccionamiento y ejecución de los contratos de prestación de servicios (cps) n°. 534 (i) - 2011 (i) / 2016, 156 (i) - 2828 (i) / 2017, 159 (i) /2018, 138 (i) - 651 (i) / 2019 y 128 (i) / 2020 al dar aprobación a las pólizas de garantía con fecha posterior a la firma del acta de inicio de los contratos.","Inconsistencias con el perfeccionamiento del contrato, al no guardar coherencia la expedición de la póliza, con el acta de inicio.",
59,4,slromerop,3.3.1.19,02 - AUDITORIA DE DESEMPEÑO,IDEXUD,Hallazgo administrativo con presunta incidencia disciplinaria y fiscal en cuantía de $13.000.000 por la inexistencia de soportes documentales idóneos que permitan evidenciar el cumplimiento de las actividades contractuales pactadas en el objeto del contrato de prestación de servicio n° 947 I de 2016.,"No existe congruencia entre el objeto contratado establecido en la cláusula primera del contrato, con la cláusula tercera forma de pago, evidenciándose una deficiente planeación, por la ausencia de estudios previos, y la falta de claridad que se requiere al momento de iniciar un proceso de contratación.",
60,4,slromerop,3.3.1.2,02 - AUDITORIA DE DESEMPEÑO,IDEXUD,"Hallazgo administrativo con presunta incidencia disciplinaria por deficiencias de control en los sistemas e inobservancia de los principios de planeación, publicidad: contrato de arrendamiento no 1302 ai-2019",No se realizó el plan anual de adquisiciones de la unidad ejecutora 02 que incluya las necesidades de la dependencia de ilud.,
61,4,slromerop,3.3.1.20,02 - AUDITORIA DE DESEMPEÑO,IDEXUD,"Hallazgo administrativo con presunta incidencia disciplinaria, por la inexistencia de los estudios previos para los contratos de prestación de servicios nos 947 i de 2016, 196 i de 2016; 83 i de 2017; 153 i 2019; 232 i de 2018; 574 i de 2019; 1588 i de 2019","No se elaboraron los estudios previos para los contratos suscritos de la dependencia ilud en las vigencias 2016, 2017, 2018 y 2019.",
62,4,slromerop,3.3.1.21,02 - AUDITORIA DE DESEMPEÑO,IDEXUD,"Hallazgo administrativo con presunta incidencia disciplinaria, por el incumplimiento de la documentación para el perfeccionamiento del contrato por la expedición extemporánea tanto de la póliza de cumplimiento como de su respectiva aprobación para los c.p.s. no 947 i de 2016; 83 i de 2017; 232 i de 2018; 574 i de 2019; 1588 i de 2019 y 153 i de 2019","Inconsistencias con el perfeccionamiento del contrato, al no guardar coherencia la expedición de la póliza, con el acta de inicio, para los contratos suscritos de la dependencia ilud en las vigencias 2016, 2017, 2018 y 2019.",
63,4,slromerop,3.3.1.22,02 - AUDITORIA DE DESEMPEÑO,ILUD,"Hallazgo administrativo con presunta incidencia disciplinaria y fiscal en cuantía de $26.243.712, por la inexistencia de soportes documentales idóneos que permitan evidenciar el cumplimiento de las actividades contractuales pactadas en el objeto del contrato de prestación de servicio n° 83 I/2017","Inexistencia de soportes documentales idóneos que permitan evidenciar el  cumplimiento de las actividades contractuales pactadas en el objeto del contrato, dado a los soportes y evidencias presentadas por los contratistas al supervisor del contrato como aval para los desembolsos mensuales.",
64,4,slromerop,3.3.1.23,02 - AUDITORIA DE DESEMPEÑO,IDEXUD,"Hallazgo administrativo con presunta incidencia disciplinaria por la presentación extemporánea de la póliza de cumplimiento y su aprobación, así como la no actualización o modificación de la póliza por la modificación del valor contratado","Inconsistencias con el perfeccionamiento del contrato 196 i-2016, al no guardar coherencia la expedición de la póliza, con el acta de inicio, como la no actualización o modificación de la póliza por la modificación del valor contratado",
65,4,slromerop,3.3.1.24,02 - AUDITORIA DE DESEMPEÑO,IDEXUD,"Hallazgo administrativo con presunta incidencia disciplinaria, por la información incompleta y la no publicación en el secop de los contratos de prestación de servicios (cps) n°196 i/2016; 947 i/2016; 83 i/2017; 232 i/2018; 153 i/2019; 574 i/2019 y 1588 i/2019","Publicación extemporánea e incompleta de los documentos del proceso y los actos administrativos del proceso de contratación, de acuerdo a los términos establecidos en el secop",
66,4,slromerop,3.3.1.25,02 - AUDITORIA DE DESEMPEÑO,ILUD,"Hallazgo administrativo con presunta incidencia disciplinaria, por la no celebración del acta de liquidación de los contratos de arrendamiento 157 de 2017 y 1119 de 2018",No celebración del acta de liquidación de los contratos de arrendamiento 157 de 2017 y 1119 de 2018,
67,4,slromerop,3.3.1.26,02 - AUDITORIA DE DESEMPEÑO,IDEXUD,"Hallazgo administrativo con presunta incidencia disciplinaria, por la relación inconsecuente de una planilla de pago de seguridad social a una orden de pago del contrato cps 133 1-2020","Relación inconsecuente de una planilla de pago de seguridad social a una orden de pago del contrato cps 133 1-2020, dada por una interpretación errada del equipo de trabajo de gestión de recursos financieros del IDEXUD al decreto 1273 del 23 de julio de 2018 pago y cotización mes vencido al sistema de seguridad social integral.",
68,4,slromerop,3.3.1.27,02 - AUDITORIA DE DESEMPEÑO,IDEXUD,"Hallazgo administrativo con presunta incidencia disciplinaria, por el no registro y publicación de los contratos de prestación de servicios 133 i de 2020 y 406 i de 2016 en la plataforma secop","Por la no publicación de los documentos del proceso y los actos administrativos del proceso de contratación, de acuerdo a los términos establecidos en el secop",
69,4,slromerop,3.3.1.28,02 - AUDITORIA DE DESEMPEÑO,ILUD,"Hallazgo administrativo con presunta incidencia disciplinaria por la aprobación y pago de cuentas de cobro sin reunir y/o custodiar evidencia con el cumplimiento de requisitos de ley, respecto a los contratos de prestación de servicios 406 i 2016, 151 i 2017, 142 i 2018, 1534 i 2017, 769 i de 2019, 133 i 2020, 1712 i 2020","Inexistencia de soportes documentales idóneos que permitan evidenciar el cumplimiento de las actividades contractuales pactadas en el objeto del contrato, dado a los soportes y evidencias presentadas por los contratistas al supervisor del contrato como aval para los desembolsos mensuales.",
70,4,slromerop,3.3.1.29,02 - AUDITORIA DE DESEMPEÑO,ILUD,"Hallazgo administrativo con presunta incidencia disciplinaria, por la celebración de los contratos de prestación de servicios cps no. 11i-2019, 017i-2016, 45i-2017, 107i-2019, 185i-2018, 190i-2020, 579i-209 y 1610i-2019, los contratos de arrendamiento no. 71i-2016 y 74i-2019 sin la elaboración de los estudios previos","No se elaboraron los estudios previos para los contratos suscritos de la dependencia planeacionilud en las vigencias 2016, 2017, 2018 y 2019.",
71,4,slromerop,3.3.1.3,02 - AUDITORIA DE DESEMPEÑO,IDEXUD,"Hallazgo administrativo con presunta incidencia disciplinaria por deficiencias de control en los sistemas e inobservancia de los principios de planeación, publicidad, transparencia y selección objetiva del contratista contrato no. 535 i-2016",No se realizó el plan anual de adquisiciones de la unidad ejecutora 02 que incluya las necesidades de la dependencia de ilud.,
72,4,slromerop,3.3.1.30,02 - AUDITORIA DE DESEMPEÑO,IDEXUD,"hallazgo administrativo con presunta incidencia disciplinaria, en los contratos de prestación de servicios cps no. 11i-2019, 017i-2016, 45i-2017, 107i-2019, 185i-2018, 190i-2020, 579i-209 por la expedición de las pólizas de garantía con fecha posterior a la firma del acta de inicio del contrato","inconsistencias con el perfeccionamiento del contrato, al no guardar coherencia la expedición de la póliza, con el acta de inicio, para los contratos suscritos de la dependencia ilud en las vigencias 2016, 2017, 2018 y 2019.",
73,4,slromerop,3.3.1.31,02 - AUDITORIA DE DESEMPEÑO,IDEXUD,"Hallazgo administrativo con presunta incidencia disciplinaria por no publicar en la plataforma secop los contratos de prestación de servicios no. 017i-2016, 190i-2020 y los contratos de arrendamiento no. 74i-2019 y 071i-2019","Por la no publicación de los documentos del proceso y los actos administrativos del proceso de contratación, de acuerdo a los términos establecidos en el SECOP.",
74,4,slromerop,3.3.1.32,02 - AUDITORIA DE DESEMPEÑO,IDEXUD,Hallazgo administrativo con presunta incidencia fiscal y disciplinaria: por suscribir un contrato sin tener en cuenta los estudios previos causando un presunto daño patrimonial estimado en $785.203.970. contrato no. 01i-2017,"No se elaboraron los estudios previos para los contratos suscritos de la dependencia ILUD en las vigencias 2016, 2017, 2018 y 2019.",
75,4,slromerop,3.3.1.33,02 - AUDITORIA DE DESEMPEÑO,IDEXUD,"Hallazgo administrativo con presunta incidencia disciplinaria: debilidades en el reporte de la información, contrato 01 i-2017","Por la no publicación de los documentos del proceso y los actos administrativos del proceso de contratación, de acuerdo a los términos establecidos en el SECOP, no se realizó el respectivo reporte en el sistema de vigilancia de control fiscal SIVICOF",
76,4,slromerop,3.3.1.35,02 - AUDITORIA DE DESEMPEÑO,ILUD,"Hallazgo administrativo con presunta incidencia disciplinaria: debilidades en la labor de supervisión, contrato 01 i-2017",Debilidades en la labor de supervisión,
77,4,slromerop,3.3.1.36,02 - AUDITORIA DE DESEMPEÑO,IDEXUD,"Hallazgo administrativo con presunta incidencia disciplinaria: debilidades en el reporte de la información, en los contratos 119i, 190i, 217i, 218i, 384i, 951i, 1496i, 1611i y 2807i","Por la no publicación de los documentos del proceso y los actos administrativos del proceso de contratación, de acuerdo a los términos establecidos en el secopn no se realizó el respectivo reporte en el sistema de vigilancia de control fiscal SIVICOF.",
78,4,slromerop,3.3.1.37,02 - AUDITORIA DE DESEMPEÑO,ILUD,"Hallazgo administrativo con presunta incidencia disciplinaria: debilidades en la labor de supervisión en los contratos 119i, 190i, 217i, 218i, 384i, 951i, 1496i, 1611i y 2807i","Inexistencia de soportes documentales idóneos que permitan evidenciar el cumplimiento de las actividades contractuales pactadas en el objeto del contrato, dado a los soportes y evidencias presentadas por los contratistas al supervisor del contrato como aval para los desembolsos mensuales. -respecto a las actividades específicas del contratista, se señala el deber de llevar un registro idóneo, claro y completo de asistencia de los alumno.",
79,4,slromerop,3.3.1.38,02 - AUDITORIA DE DESEMPEÑO,IDEXUD,"Hallazgo administrativo con presunta incidencia disciplinaria: debilidades proceso contractual en los contratos 119i, 190i, 217i, 218i, 384i, 951i, 1496i, 1611i y 2807i","No se elaboraron los estudios previos para los contratos suscritos de la dependencia ilud en las vigencias 2016, 2017, 2018 y 2019.",
80,4,slromerop,3.3.1.39,02 - AUDITORIA DE DESEMPEÑO,IDEXUD,"Hallazgo administrativo con presunta incidencia disciplinaria, por vulneración al principio responsabilidad, planeación y eficacia en la gestión contractual, por debilidades del ilud en la planeación, ejecución y supervisión de los contratos 184 i de 2016, 146 de 2017, 87i de 2018, 4i de 2019, 170i de 2019, 642i de 2019, y 168 i de 2020","No se elaboraron los estudios previos para los contratos suscritos de la dependencia ilud en las vigencias 2016, 2017, 2018 y 2019.",
81,4,slromerop,3.3.1.4,02 - AUDITORIA DE DESEMPEÑO,IDEXUD,"Hallazgo administrativo con presunta incidencia disciplinaria deficiencias por deficiencias de control en los sistemas e inobservancia de los principios de planeación, publicidad, transparencia y selección objetiva del contratista: cps no. 180 i-2017",No se realizó el plan anual de adquisiciones de la unidad ejecutora 02 que incluya las necesidades de la dependencia de ilud.,
82,4,slromerop,3.3.1.40,02 - AUDITORIA DE DESEMPEÑO,IDEXUD,"Hallazgo administrativo con presunta incidencia disciplinaria, por vulneración a los principios de publicidad y transparencia de la gestión fiscal, por la no custodia de la información contractual y de ejecución, así como, la publicación incompleta y extemporánea de la misma en secop para los contratos 184 i de 2016, 146 de 2017, 87i de 2018, 4i de 2019, 170i de 2019, 642i de 2019, y 168 i de 2020","Por la no publicación de los documentos del proceso y los actos administrativos del proceso de contratación, de acuerdo a los términos establecidos en el secopn no se realizó el respectivo reporte en el sistema de vigilancia de control fiscal sivicof.",
83,4,slromerop,3.3.1.41,02 - AUDITORIA DE DESEMPEÑO,ILUD,"Hallazgo administrativo con presunta incidencia disciplinaria y fiscal en cuantía de $ 3.657.024, por vulneración al principio de economía debido al pago de mayores valores por una intensidad horaria que el contratista no realizó, según calendario académico y reportes planeacioniludis, en el marco del contrato 168I de 2020","Inexistencia de soportes documentales idóneos que permitan evidenciar el cumplimiento de las actividades contractuales pactadas en el objeto del contrato, dado a los soportes y evidencias presentadas por los contratistas al supervisor del contrato como aval para los desembolsos mensuales.",
84,4,slromerop,3.3.1.5,02 - AUDITORIA DE DESEMPEÑO,IDEXUD,"Hallazgo administrativo con presunta incidencia disciplinaria por deficiencias de control en los sistemas e inobservancia de los principios de planeación, publicidad, transparencia y selección objetiva del contratista: CPS no. 2794i-2017.",No se realizó el plan anual de adquisiciones de la unidad ejecutora 02 que incluya las necesidades de la dependencia de ilud.,
85,4,slromerop,3.3.1.6,02 - AUDITORIA DE DESEMPEÑO,IDEXUD,"Hallazgo administrativo con presunta incidencia disciplinaria por deficiencias de control en los sistemas e inobservancia de los principios de planeación, publicidad, transparencia y selección objetiva del contratista: CPS no 121 i-2018",No se realizó el plan anual de adquisiciones de la unidad ejecutora 02 que incluya las necesidades de la dependencia de ilud.,
86,4,slromerop,3.3.1.7,02 - AUDITORIA DE DESEMPEÑO,IDEXUD,"Hallazgo administrativo con presunta incidencia disciplinaria por deficiencias de control en los sistemas e inobservancia de los principios de planeación, publicidad, transparencia y selección objetiva del contratista: CPS 191i-19",No se realizó el plan anual de adquisiciones de la unidad ejecutora 02 que incluya las necesidades de la dependencia de ILUID,
87,4,slromerop,3.3.1.8,02 - AUDITORIA DE DESEMPEÑO,IDEXUD,"Hallazgo administrativo con presunta incidencia disciplinaria por deficiencias de control en los sistemas e inobservancia de los principios de planeación, publicidad, transparencia y selección objetiva del contratista: c.p.s no. 492 i-2019",No se realizó el plan anual de adquisiciones de la unidad ejecutora 02 que incluya las necesidades de la dependencia de ilud.,
88,4,slromerop,3.3.1.9,02 - AUDITORIA DE DESEMPEÑO,IDEXUD,"Hallazgo administrativo con presunta incidencia disciplinaria por deficiencias de control en los sistemas e inobservancia de los principios de planeación, publicidad, transparencia y selección objetiva del contratista. CPS no. 1897/19",No se realizó el plan anual de adquisiciones de la unidad ejecutora 02 que incluya las necesidades de la dependencia de ilud.,
89,4,slromerop,3.3.2.1.1,02 - AUDITORIA DE DESEMPEÑO,IDEXUD,Hallazgo administrativo con presunta incidencia disciplinaria por partidas pendientes por depurar en la cuenta 1110 depósitos en instituciones financieras al 31-12/2020- ilud,"No se cumplió a cabalidad con lo preceptuado en el marco conceptual para la preparación y presentación de información financiera, al no efectuar la depuración, legalización y registros o ajustes contables correspondientes a las partidas conciliatorias mencionadas, con corte a 31 de diciembre de 2020, generando como consecuencia una subestimación en el saldo de las cuentas 1110 – depósitos en instituciones financieras por valor de $2.315.863 y su correlativa 2407 recursos a favor de terceros.",
90,4,slromerop,3.3.2.2.1,02 - AUDITORIA DE DESEMPEÑO,IDEXUD,Hallazgo administrativo por inconsistencias en los documentos que respaldan la legalización del saldo de la cuenta por cobrar 1384 al 31 de diciembre de 2020,"El comprobante que respalda el movimiento de la cuenta por cobrar presenta inconsistencia en la información relacionada con la legalización del saldo de la cuenta ya mencionada, generando como consecuencia afectación en la razonabilidad de las operaciones financiaras por cuanto no garantizan la producción de información contable confiable, relevante y comprensible",
91,4,slromerop,3.3.2.3.1,02 - AUDITORIA DE DESEMPEÑO,IDEXUD,Hallazgo administrativo con presunta incidencia disciplinaria por la no legalización oportuna del avance de mudanzas como la falta de documentos soporte,"La legalización del avance no se efectúo en los términos señalados en la resolución 652 de 2015, referidos al servicio de transporte de mudanzas y pago a la administración edificio ugi",
92,4,slromerop,3.3.2.6.1,02 - AUDITORIA DE DESEMPEÑO,IDEXUD,"Hallazgo administrativo con presunta incidencia disciplinaria, por ausencia de políticas contables definidas y avaladas por el rector de la udfjc, en el marco normativo del proceso contable","El ILUID no cuenta con sistemas de información integrados de administración financiera y los que funcionan actualmente no han podido operar con eficiencia ni efectividad. por lo tanto, no generan confiabilidad y seguridad, a la fecha no se encuentra parametrizado con el nuevo marco normativo contable.",
93,4,slromerop,3.3.2.6.2,02 - AUDITORIA DE DESEMPEÑO,IDEXUD,"Hallazgo administrativo con presunta incidencia disciplinaria, por falta de planeación para la adaptación de los sistemas informativos con el fin de dar cumplimiento a los criterios establecidos en el nuevo marco normativo contable","No se ha migrado de forma completa en los sistemas de información el nuevo marco normativo contable, contenido en la resolución 533 de 2015 de la contaduría general de la nación y sus modificaciones",
94,4,slromerop,3.3.3.1,02 - AUDITORIA DE DESEMPEÑO,IDEXUD,"Hallazgo administrativa con presunta incidencia disciplinaria y fiscal en cuantía de $16.800.000, por carencia de soportes que evidencien la legalización de los avances girados con cargo al presupuesto de instituto de lenguas de la universidad distrital, y por apropiación indebida de los recursos autorizados en las precitadas resoluciones y girados en las ordenes de pago 2975 de abril 4 de 2016 y 6386 de junio 9 de 2016","Carencia de soportes para la legalización del avance, por la falta de seguimiento, control y autocontrol al manejo financiero del ilud, por los responsables del proceso IDEXUD",
95,4,slromerop,3.3.3.2,02 - AUDITORIA DE DESEMPEÑO,IDEXUD,"Hallazgo administrativo disciplinario y fiscal en $50.307.141, por pago mensual sin certificación del supervisor del cps, por reconocimiento y pago de gastos de movilización sin la existencia de la revisión y aprobación del supervisor de las facturas de servicio de transporte, en cumplimento de los requisitos del estatuto tributario; o planillas de los recorridos efectivamente realizados entre las sedes de universidad e ILUD y otras entidades por las actividades administrativas y académicas","Debilidades en la supervisión de los contratos, al no evidenciarse la certificación expedida por el supervisor de la prestación de servicio a entera satisfacción, siendo requisito indispensable para el pago. Además se reconoció y pagó gastos de movilización sin la existencia de la revisión y aprobación por parte del supervisor de los documentos como factura original del servicio de transporte; o planillas de los recorridos efectivamente realizados por concepto de movilización",
96,4,slromerop,3.3.3.3,02 - AUDITORIA DE DESEMPEÑO,IDEXUD,"Hallazgo administrativo con presunta incidencia disciplinaria por la inadecuada conceptualización en las órdenes de pago, por no consignar en actos administrativos las modificaciones presupuestales, por el deficiente manejo presupuestal, por la falta de reporte de la situación financiera presupuestal.",No se realizó el plan anual de adquisiciones de la unidad ejecutora 02 que incluya las necesidades de la dependencia de ILUD.,
97,4,slromerop,4.3.1,02 - AUDITORIA DE DESEMPEÑO,IDEXUD,Hallazgo administrativo con presunta incidencia disciplinaria por falta de competencia del director del IDEXUD para ejercer como ordenador del gasto del instituto de lenguas de la UDFJC ILUD,Falta de competencia del director del IDEXUD para ejercer como ordenador del gasto del instituto de lenguas de la UDFJC ILUD,
139,5,slromerop,1,Auditoría Interna,OAAD,Hallazgo al no contar con un procedimiento para el desarrollo de la segunda instancia en los procesos diciplinarios de la UDFJC.,Procedimientos SIGUD enfocados en las funciones de la Oficina Asesora de Asuntos Disciplinarios y no en el proceso mismo ,
140,5,slromerop,2,Auditoría Interna,OAAD,"Hallazgo por el no cumplimiento del manual de gestion para la administracion del riesgo adoptado mediante resolución de rectoría no. 302 de 2021, en cuanto cada causa no tiene un control asociado",Inexistencia de controles asociados a cada una de las causas,
141,5,slromerop,3,Auditoría Interna,OAAD,Hallazgo de la oficina asesora de asuntos disciplinarios por no tiene identificado el tratamiento de riesgos en la matriz integral de riesgos de la universidad”,Inexistencia de controles asociados a cada una de las causas,
142,5,slromerop,5,Auditoría Interna,OAAD,Hallazgo por el no reporte de la informacion en el sistema de gestión de planes de mejoramiento sisifo,Falta de capacitación en el manejo del aplicativo SISIFO por parte de la persona que tiene la responsabilidad asignada ,
143,5,slromerop,6,Auditoría Interna,OAAD,Hallazgo por el no cumplimiento de actividades generales del plan de acción de la vigencia 2021,La imposibilidad de asistir presencialmente a la oficina,
98,6,slromerop,1,Auditoría Interna,DRH,"Bajo nivel de participación de los niveles ejecutivo, profesional y técnico en las capacitaciones y/o cursos que contempla el Plan Institucional de Capacitación PIC 2020 el cual se está ejecutando en la vigencia 2021”.","Bajo número de profesionales directivos, asesores, ejecutivos, profesionales y técnicos  de carrera, los cuales son 32 personas en relación a los 162 de asistenciales.",
99,6,slromerop,2,Auditoría Interna,DRH,"La información que se registra en el SIGUD, respecto al Mapa Integral
de Riesgos del Proceso de Gestión y Desarrollo del Talento Humano
con código GI-MG-001-FR-014, no se observan puntos de control
(riesgos) específicos referentes al manejo de incapacidades.”","No se incluyó dentro del mapa de riesgos del proceso, riesgos relacionados con el tramite de incapacidades",
100,6,slromerop,3,Auditoría Interna,DRH,"Debilidades en el reconocimiento de Interrupción de las Vacaciones,
a los empleados públicos del área administrativa",No se incluyó la totalidad de soportes que sustentan la interrupcion de las vacaciones de los funcionarios ,
101,6,slromerop,4,Auditoría Interna,DRH,El conteo de los días hábiles para el disfrute de las vacaciones en la Universidad Distrital Francisco José de Caldas incluye el día 31.,Tomar los días 31 de los meses que lo contienen dentro de la cuenta para determinar los montos a pagar por vacaciones,
102,6,slromerop,5,Auditoría Interna,DRH,Incumplimiento del Plan Institucional de Capacitación PIC desde la vigencia 2019”,"1- Cierre de la Universidad por paro de estudiantes en el año 2019.
2- Pandemia a causa del COVID -19 en el año 2020",
103,6,slromerop,6,Auditoría Interna,ODO,"Gestión fiscal antieconómica e ineficiente en el reconocimiento de
puntos salariales.",No se cuenta con un seguimiento formal a las solicitudes de derogación realizadas a la Oficina Asesora Juridica ,
104,7,slromerop,1,Auditoría Interna,RED,"En los contratos establecidos en la muestra, en las carpetas digitales
remitidas por parte de la oficina asesora Jurídica no se evidencia los planes
de trabajo, informes de actividades, actas de inicio de los contratos,
certificados de cumplimiento y comprobantes fiscales, lo cual es obligación
contractual del supervisor, de acuerdo a la Resolución de Rectoría 629 del 17
de noviembre del 2016, mediante la cual se adopta el Manual de supervisión
e interventoría de la Universidad Distrital, el cual establece en su artículo 18
numeral 36 la necesidad de “Conservar constantemente actualizados los
archivos digitales y físicos, en los que consten todos y cada uno, de los gastos
y/o movimientos económicos que se den con ocasión de la ejecución del
contrato sobre el cual se realice la supervisión”, como se evidencia en la
revisión realizada en el anexo 1.","No se encuentra la documentación solicitada en las carpetas digitales, remitidas por la oficina de asesoria jurídica.",
105,7,slromerop,2,Auditoría Interna,BI,"Dentro de la información aportada no se observan los informes de supervisión de la orden de servicio 1002-2020 del contratista Colsubsidio conforme al Artículo 18 numeral 33"" OBLIGACIONES DE SUPERVISOR: El funcionario que ejerce labores de supervisión deberá cumplir con las siguientes obligaciones (...) numeral 33 Remitir mensualmente a  la Oficina Asesora de Juridica, el informe físico, técnico financiero y administrativo sobre el avance en la ejecucción del contrato"", lo cual no se evidencio en la carpeta digital remitida por la Oficina Asesora juridica  y en SECOP II, como se evidencia en los anexos 1 y 2","Dentro de la información aportada no se observan los informes de supervisión de la orden de servicio 1002-2020 del contratista Colsubsidio conforme al Artículo 18 numeral 33"" OBLIGACIONES DE SUPERVISOR: El funcionario que ejerce labores de supervisión deberá cumplir con las siguientes obligaciones (...) numeral 33 Remitir mensualmente a  la Oficina Asesora de Juridica, el informe físico, técnico financiero y administrativo sobre el avance en la ejecucción del contrato"", lo cual no se evidencio en la carpeta digital remitida por la Oficina Asesora juridica  y en SECOP II, como se evidencia en los anexos 1 y 2",
106,7,slromerop,3,Auditoría Interna,RED,"En los informes de actividades para los contratos de prestación de servicios en el SECOP II, no se evidencia los planes de trabajo, informe final y la entrega de la totalidad de la información, incumpliendo el artículo 4 de la Resolución de Rectoría 13 de 2020, como se evidencia en el Anexo 2.",No se encuentra la documentación solicitada en el SECOP.,
107,7,slromerop,4,Auditoría Interna,RED,"En los informes de actividades para los contratos de prestación de servicios 1148, 1309 y 1389 del 2020, no se evidencia la totalidad de las facturas publicadas de acuerdo al tiempo y valor del contrato en el SECOP II, como se evidencia en el Anexo 2.",Algunos de los contratistas no realizaron la actualización de facturas o su condición de  rechazadas no fue actualizada por el persona,
108,8,slromerop,1,Auditoría Interna,OAJ,"Hallazgo por incumplir la obligación de adelantar un proceso de precalificación para actualizar el directorio de proveedores entre la vigencia de 2017 a 2020, con la finalidad de escoger los oferentes que harán parte de los procesos de invitación privada, prevista en el parágrafo 1 del artículo 61 de la Resolución 262 de 2015 expedida por el rector de la Universidad, lo cual vulnera los principios de planeación, transparencia, selección objetiva y publicidad de la contratación de la universidad consagrados en el literal b, c, i y k del artículo 3 del Acuerdo 03 de 2015.","Como en los últimos 6 años no se ha adquirido ningún bien y servicio mediante la modalidad de invitación privada, y porque de acuerdo a sus consideraciones, es más eficiente y no se restringe la pluralidad de oferentes, entre la vigencia de 2017 a 2020 no se desplegó ninguna gestión administrativa tendiente a cumplir con lo dispuesto en el parágrafo 1 del artículo 61 de la Resolución 262 de 2015, que sí consagra diáfanamente un deber imperativo e inexcusable a la Universidad",
109,8,slromerop,2,Auditoría Interna,OAJ,"Hallazgo por incumplir el deber de liquidar los contratos Nos 1206 del 12 de mayo de 2017, 1447 del 10 de julio de 2017, 1078 del 18 de agosto de 2017, 1769 del 4 de octubre de 2017, 1915 del 30 de noviembre de 2017 y 2003 del 18 de diciembre de 2017 y la consecuente pérdida de competencia, vulnerándose el artículo 22 del Acuerdo 03 de 2015, los artículos 89, 90 y 92 de la Resolución 262 de 2015 y el artículo 36 de la Resolución 629 de 2016.","De los 11 negocios jurídicos revisados, a la fecha, tenemos que, a pesar del
fenecimiento del término estipulado en dichos contratos o del término general de 3 meses establecido en el artículo 36 de la Resolución 629 de 2016 para la liquidación bilateral, únicamente, se liquidaron 2 contratos, de los cuales sólo el contrato No. 1991 del 15 de diciembre de 2017 se finiquitó oportunamente el mismo día cuando finalizó, y aunque el contrato No. 1749 del 12 de diciembre de 2019 se liquidó por fuera del término estipulado para la liquidación bilateral, por lo menos se realizó el analizado acto jurídico.",
110,8,slromerop,3,Auditoría Interna,OAJ,"Hallazgo por la omisión de ampliación de las garantías de los contratos No. 1661 del 29 de diciembre de 2020, 909-1 del 27 de febrero de 2020 y 1643 del 21 de diciembre de 2021, vulnerándose el artículo 127 del
Decreto 1510 de 2013.","La vigencia de la póliza de seguro que ampara el contrato, debe cubrir integralmente la ejecución del mismo, incluyendo el lapso comprendido entre la fecha en que éste inicia su ejecución y hasta su liquidación. Por ello, eventualmente, deberá ampliarse en el evento en que surjan modificaciones al contrato, no obstante, en los contratos de que trata el hallazgo no se evidencian las pólizas actualizadas, conforme a los cambios surgidos en razón a su plazo o valor. Esta situación indica que la universidad, por intermedio del supervisor del contrato, está omitiendo el deber de exigir la actualización de las vigencias, conforme al acta de inicio y/o cualquier modificación presentada durante la ejecución del contrato, poniendo en riesgo los recursos de la universidad, frente a un eventual incumplimiento por parte de los contratistas.",
111,8,slromerop,4,Auditoría Interna,VAF,Hallazgo por la no publicación en el término estipulado para el cargue de la información en la plataforma SECOP según lo descrito en la Resolución 058 de 2018 artículos 1 y 2.,"La ausencia en el cargue de la información de manera completa, de acuerdo a las normas que aplican en cada una de las etapas del proceso contractual, representa un desconocimiento de los principios de transparencia y publicidad, consagrados en el Estatuto de Contratación de la Universidad Distrital Francisco José de Caldas y en las resoluciones reglamentarias",
112,8,slromerop,5,Auditoría Interna,VAF,"Hallazgo Administrativo por el incumplimiento del término previsto para la presentación de las observaciones al pliego de condiciones de los contratos No. 1059, No. 1646, No. 1647 y No. 1656 de 2020, vulnerándose el artículo 13 de la Resolución 262 de 2015","Los posibles oferentes no cuentan con el termino mínimo de cinco días, otorgado por la normatividad institucional, para presentar las observaciones al proyecto de pliego de condiciones, al que hace referencia el artículo 22 de la Resolución 262 de 2015, incumpliendo el mandato normativo, conforme se puede evidenciar en los cronogramas de las convocatorias públicas a que se refiere el hallazgo",
113,9,slromerop,1,Auditoría Interna,IDEXUD,"El Manual de Funciones Resolución de Rectoría 1101 del 29 de julio de 2002
de la Universidad no incluye lo referente a las funciones que se realizan en el
instituto por parte del director, como se establece en el Acuerdo 13 de 2018
por la cual se crea y reglamenta la estructura y funcionamiento del Instituto
de Investigación e Innovación en Ingeniería I3+, se encuentra desactualizado
en este aspecto.","El Acuerdo 13 de 2018 dispone la estructura del Instituto de Investigación e Innovación en
Ingeniería I3+, Ahora bien, de acuerdo con la Resolución de Rectoría 1101 del 29 de julio de
2002, por la cual se adopta el Manual descriptivo de funciones generales y específicas y los requisitos mínimos para los cargos de la planta de personal administrativo de la Universidad Distrital Francisco José de Caldas, no se identificaron macro funciones del instituto, ni los perfiles requeridos para el ejercicio de las funciones, la organización interna.",
114,9,slromerop,2,Auditoría Interna,IDEXUD,"En la revisión realizada al Sistema Integrado de gestión SIGUD, no se
evidencian los procesos y procedimientos asociados al Instituto de
Investigación e Innovación en Ingeniería I3+.","Se procedió a realizar una verificación al Sistema Integrado de Gestión SIGUD, en el proceso de Extensión y proyección Social donde deben estar incluido el Instituto de Investigación e Innovación en Ingeniería I3+, sin embargo, no se evidencia la creación de los procesos y procedimientos en relación al instituto.",
115,9,slromerop,3,Auditoría Interna,IDEXUD,"En la revisión realizada a los contratos de orden de servicio N° 1172, 1565 y
1575 de 2020, en las carpetas digitales remitidas por parte de la Sección de
Compras no se evidencia los productos de las actividades, pago de
parafiscales y entregables determinados en los estudios previos, lo cual es
obligación del supervisor, de acuerdo a la Resolución de Rectoría 629 del 17
de noviembre del 2016, mediante la cual se adopta el Manual de supervisión
e interventoría de la Universidad Distrital, el cual establece en su artículo 18
numeral 36 la necesidad de “Conservar constantemente actualizados los
archivos digitales y físicos, en los que consten todos y cada uno, de los gastos
y/o movimientos económicos que se den con ocasión de la ejecución del
contrato sobre el cual se realice la supervisión”.","De acuerdo a las carpetas digitales remitidas por la Sección de Compras, se identifican en las
carpetas de las ordenes de servicio 1172, 1565, 1575 de 2020 el incumplimiento al artículo 18
numeral 36 la necesidad de “Conservar constantemente actualizados los archivos digitales y físicos, en los que consten todos y cada uno, de los gastos y/o movimientos económicos que se den con ocasión de la ejecución del contrato sobre el cual se realice la supervisión",
116,9,slromerop,4,Auditoría Interna,IDEXUD,"Realizada la revisión de la información que se encuentra en el mapa de riesgos
institucional, no se evidencian que estén establecidos riesgos en ninguno de los
subsistemas y riesgos de corrupción para el Instituto de Investigación e Innovación en
Ingeniería I3+","Se realizó la revisión del Mapa de Riesgos Institucional, en el cual no se evidencian en ninguno de los subsistemas riesgos contemplados para el Instituto de Investigación e Innovación en Ingeniería I3+, por lo cual se solicitó al instituto remitir los riesgos establecidos en el Mapa de Riesgos de la Universidad y manifestar el proceso surtido con el fin de definir los riesgos y la actualización del Mapa de Riesgos del proceso",
117,10,slromerop,1,Auditoría Interna,DRH,"Hallazgo por incumplir la obligación de Reportar la información de la Planta de
Personal de conformidad con las Circulares 20 de 2017 y 01 de 2018","Se enviaron los reportes correspondientes al SIDEAP fuera de los términos establecidos por la normatividad vigente para los meses abril, mayo y junio 2021 por motivos administrativos durante el periodo",
118,10,slromerop,2,Auditoría Interna,DRH,Hallazgo por la presentación de información inconsistente en los archivos Excel versus la certificación de actualización de información talento humano al Sistema de Información Distrital del Empleo y la Administración Pública - SIDEAP,Inconsistencias cuantitativas en las herramientas de información de talento humano toda vez que se realiza de forma manual siendo alta la probabilidad de error involuntario,
119,10,slromerop,3,Auditoría Interna,DRH,"Hallazgo por omisión al no certificarla constatación de los documento e información reportada en las hojas de vida, en contravía de lo dispuesto en la ley 190 de 1995 articulo 4.",Se presentaron deficiencias en el control de revisión de documentos e información aportados por los servidores sin corroborarse afectando la certificación firmada por la Jefatura de la División de Recursos Humanos en las respectivas hojas de vida debido al alto y constante volumen de trabajo en cuanto a gestión y archivo de expedientes laborales,
120,10,slromerop,4,Auditoría Interna,DRH,Hallazgo por inconsistencias presentadas en el Manual Descriptivo de Funciones Generales y Especificas y los Requisitos Mínimos para los cargos de la Planta de Personal Administrativo de la Universidad Distrital Francisco José de Caldas Resolución de Rectoría No. 1101 de 2002,El registro inadecuado de información para diferentes cargos de planta en el documento Manual Descriptivo de Funciones Generales y Especificas y los Requisitos Mínimos para los cargos de la Planta de Personal Administrativo de la Universidad Distrital Francisco José de Caldas,
121,11,slromerop,1,Auditoría Interna,IDEXUD,"Hallazgo frente a la Certificación de recursos humanos donde consta el tipo de vinculación, tiempo y asignación salarial mensual","La Información solicitada (Certificación de recursos humanos) en marco de esta Auditoría no fue entregada de manera Individualizada, como lo solicito el equipo Auditor,  sin embargo dicha Información si se encuentra  consignada en el Expediente que fue entregado",
122,11,slromerop,2,Auditoría Interna,IDEXUD,"Hallazgo frente a la Certificación de ingresos y retenciones del año
anterior de docente. Vigencia 2019 y 2020.","La Información solicitada (Certificación de ingresos y retenciones del año anterior de docente.) en marco de esta Auditoría no fue entregada de manera Individualizada, como lo solicito el equipo Auditor,  sin embargo dicha Información  si se encuentra  consignada en el Expediente que fue entregado.",
123,11,slromerop,3,Auditoría Interna,IDEXUD,"Hallazgo por el cumplimiento parcial de Requisitos para pago Circular 013
de 2019.","Deficiencia  en los controles establecidos en el Área de gestión de Recursos Financieros del IDEXUD, que no guardan trazabilidad del Ejercicio Realizado. ",
124,11,slromerop,5,Auditoría Interna,IDEXUD,"Hallazgo por la omisión de diseñar, crear y regular un procedimiento en el
Sistema Integrado de Gestión de la Universidad Distrital Francisco
José de Caldas – SIGUD-, relacionado con el reconocimiento de
estímulos económicos de los Servicios Académicos Remunerados -
SAR",No se encuentra estructurado  un procedimiento para el reconocimiento de un Servicios Académico Remunerado -SAR de los Docentes de carrera que participan voluntariamente en las actividades de extensión.,
125,11,slromerop,7,Auditoría Interna,IDEXUD,"Hallazgo por la no publicación de las actas y actos administrativos
mediante los cuales se reconocen los Servicios Académicos
Remunerados – SAR","El Comité central de Extensión CCE no ha expedido su propio reglamento de funcionamiento, que considere entre otras cosas la Elaboración, Aprobación y Firma de las Actas del Comité, que garanticen la oportunidad de su publicación. ",
126,11,slromerop,8,Auditoría Interna,IDEXUD,"Hallazgo por la limitación para el ejercicio de las funciones de la unidad u
oficina de control interno, por la omisión de la entrega a la
información","Falta de socialización al equipo del IDEXUD, frente a las directrices emanadas por la alta dirección de la Universidad  en cuanto a la priorización de las auditorias",
127,13,slromerop,1.1,Auditoría Interna,MII,"No se evidencian en la 14urídica1414n en la pagina web y la aportada el
informe de seguimiento del segundo y tercer trimestre de los proyectos para
la vigencia 2021","La oficina Asesora de Planeación no realizó la publicación de los informes trimestrales de ejecución toda vez que, para la vigencia se presentaron diferentes variaciones presupuestales que retrasaron sus respectivas versiones finales.",
128,13,slromerop,1.2,Auditoría Interna,MII,"Verificada y analizada la información consultada durante la vigencia 2021, se
evidencia un incumplimiento a los objetivos específicos programados y
planteados en el Proyecto de Inversión 7889, tal como está descrito en la
Ficha de Estadística Básica de Inversión Distrital EBI-D, Versión 18 del 26 de
febrero de 2021. Se observa que no ha habido avance durante el 2021 en la
meta 2 , la cual es Desarrollar 2.00 Servicios de autopréstamo y
autodevolución de material bibliográfico; así mismo, no se describe o registra
la meta 4, específicamente en la actualización del Proyecto en función del
recaudo real de las fuentes de inversión programadas.",El control de los recursos presupuestales por bajo recaudo por parte de la fuente de financiación estampilla produjo que el desarrollo de las actividades fueran inciertas para dar cumplimiento a la meta ,
129,13,slromerop,2.1,Auditoría Interna,MII,"Durante la vigencia 2021, revisada la información y registros entregados por
la Sección de Biblioteca y la Oficina Asesora de Planeación y Control, para las
metas 2 y 3 del proyecto de 15urídica15, no se evidencia desarrollo ni
ejecución de actividades de las mismas, tal como se observa en el primer
informe de seguimiento trimestral, convirtiéndose en un posible
incumplimiento a las Metas programadas para la vigencia 2021 del Proyecto
de Inversión 7889”.",El control de los recursos presupuestales por bajo recaudo por parte de la fuente de financiación estampilla produjo que el desarrollo de las actividades fueran inciertas para dar cumplimiento a la meta ,
130,13,slromerop,3.1,Auditoría Interna,MII,"De acuerdo a la ejecución presupuestal de la vigencia 2021 se evidencia una
baja ejecución presupuestal del 40.38% con corte a 31 de agosto de 2021 y
41.60% a 30 de noviembre de 2021, por parte del responsables del Proyecto
de Inversión 7899",Dado que la mayoría de los procesos contractuales revisten carácter de exclusividad y tienen que ver con la suscripción o renovación de bases de datos las cuales por naturaleza de vencimiento se suscriben finalizando la vigencia,
131,13,slromerop,3.2,Auditoría Interna,MII,"En la revisión realizada al convenio Interistitucional y a los contratos de
orden de servicio N° 1144, 1306, 1342 y 1345 de 2021, en las carpetas
digitales remitidas por parte de la Sección de Compras y j15urídica no se
evidencia los informes de supervisión, de acuerdo a la Resolución de Rectoría
629 del 17 de noviembre del 2016, mediante la cual se adopta el Manual de
supervisión e interventoría de la Universidad Distrital, el cual establece en su
artículo 18 numeral 36 la necesidad de “Conservar constantemente
actualizados los archivos digitales y físicos, en los que consten todos y cada
uno, de los gastos y/o movimientos económicos que se den con ocasión de la
ejecución del contrato sobre el cual se realice la supervisión”.",El Sistema de Bibliotecas no radico los informes que dan cumplimiento al artículo 18 numeral 36 del Manual de supervisión e interventoría de la Universidad Distrital,
132,12,slromerop,2,Auditoría Interna,ODO,"Hallazgo por el no cumplimiento del Acuerdo 008 de julio de 2002 en el artículo 4, respecto de la socialización de la cultura de evaluación docente de cada facultad",Falta de seguimiento a las socializaciones internas a nivel general  por parte de los Comités de Evaluación Docente de cada Facultad,
133,12,slromerop,3,Auditoría Interna,ODO,Hallazgo por el no desarrollo del Acuerdo 008 de 2002 artículo 2 numeral 1 por el no diseño de una Política de Evaluación Docente.,Demoras en la toma de decisiones de los parametros a incluir en la politica interna,
134,14,slromerop,3.1,Auditoría Interna,OAJ,Hallazgo por presentar inconsistencias en la caracterización de procesos en el SIPROJ WEB y lo reportado por la oficina asesora jurídica en contravía de lo dispuesto en Resolución 104 de 2018 artículo 3° numeral 3.5.,Falta de parametrizacion de los registros en SIPROJ WEB que permita garantizar la calidad y seguridad de la información ,
135,14,slromerop,3.2,Auditoría Interna,OAJ,Hallazgo por el incumplimiento del artículo 41 de la Resolución 104 de 2018 al no contar con un trámite especial para registro y actualización de la información en el aplicativo SIPROJ WEB.,Inexistencia de procedimiento específico que garantice las reglas dispuestas en la Resolucion 104 de 2018 ,
136,14,slromerop,3.3,Auditoría Interna,OAJ,"Hallazgo por duplicidad de la información registrada en el
aplicativo SIPROJ WEB incumpliendo el artículo 3° de la
resolución 104 de 2020 numeral 3.5.",Falta de parametrizacion de los registros en SIPROJ WEB que permita garantizar la calidad y seguridad de la información ,
137,14,slromerop,3.4,Auditoría Interna,OAJ,"Hallazgo por la no presentación del informe semestral de
gestión judicial SIPROJ-WEB incumpliendo la resolución
104 de 2020 en su artículo 30 modificado por el art. 1,
Resolución 076 de 2020.",Extemporaneidad en el envío del informe de gestión judicial del SIPROJ WEB,
138,14,slromerop,3.6,Auditoría Interna,OAJ,"Hallazgo por el no cumplimiento del Manual de Gestión para la Administración del Riesgo adoptado mediante Resolución de Rectoría no. 008 del 14 de enero de 2020, en cuanto cada causa no tiene un control asociado.",Mal diligenciamiento en la matriz de riesgos frente a la asociación de los controles a la causa raíz,
144,15,slromerop,1,Auditoría Interna,AGI,"Inexistencia de soportes documentales y procedimientos a cargo del área de Almacén en cuanto a la debida y oportuna conciliación, consolidación, depuración del grupo contable 16 Propiedad, Planta y Equipo en el SIGUD, vulnerándose los principios de autocontrol y autogestión previstos en el artículo 2.2.21.3.1 del Decreto 1083 de 2015 y artículo 4 de la Resolución 536 de 2015.","Se realiza la búsqueda en el SIGUD de procedimientos, con el fin de evalur la debida gestión del mismo en cuanto a actividades, responsables, puntos de control, evidencias y tiempos de entrega; sin embargo, una vez realizada la búsqueda en el sitio dispuesto para tal fin por la Universidad  no se evidenció existencia alguna de un procedimiento que detalle el desarrollo de las actividades.",
145,15,slromerop,3,Auditoría Interna,AGI,Inoportuna gestión de las actividades de control que minimizan la materialización de los Riesgos diseñaos para el Almacén General e Inventarios.,Se evidencia desconocimiento de la matriz de Riesgos diseñada al Interior de la UDFJC. ,
146,15,slromerop,4,Auditoría Interna,AGI,Inoportuno reconocimiento de depreciaciones y amortizaciones al interior de la UDFJC.,"El aplicativo usado por el almacén ARKAI  no  cuenta con la parametrizacion para realizar las amortizaciones y las depreciaciones. 
No se cuenta con un procedimiento para realizar las amortizaciones, por tal razón no se encuentra publicado en la página del SIGUD. ",
147,15,slromerop,5,Auditoría Interna,AGI,Inoportuna gestión y aplicación del Procedimiento GRF-PR-018- BALANCE CONTABLE en el apartado CONCILIACIÓN DE ALMACEN.,"
Teniendo en cuenta que la UDFJC; no cuenta con un sistema de información que permita tener en control y manejo de los todos los bienes, por tal razón no es posible obtener consolidación de la información por tal razón no es posible contar con los saldos que cumplan los principios de confiabilidad, oportunidad, celeridad y certeza.",
148,15,slromerop,6,Auditoría Interna,AGI,Falta de control de inventario en el software manejado por la UDFJ   y falta de control por parte del área de almacén.,Se realizaron  muestras aleatorias de elementos del inventario y  se encontraron elementos cargados a funcionarios o sedes en el sistema  y que en las tomas fisicas no concuerdan.,
149,15,slromerop,7,Auditoría Interna,AGI,Falta de control en la verificación de entrega de inventario al  responsable,"En revisión al reporte INVENTARIO DE FUNCIONARIOS, Se evidencio que al momento de registrar el ingreso del inventario de unos elementos y realizar la asignación al responsable procedimiento SC GIFPR- 002, se encuentro una inconsistencia  en un artículo cargado a un docente que correspondía a otro docente.",
